{"build": {"documentation_patterns": ["*.html", "*.txt"], "directory_name": "SWW-Demo-1.0", "display_name": "SWW-Demo", "destination": "SWW-Demo-1.0-dists", "renpy": false, "allow_integrated_gpu": true, "include_update": false, "base_patterns": [["*.py", null], ["*.sh", null], ["*.app/", null], ["*.dll", null], ["*.manifest", null], ["lib/", null], ["renpy/", null], ["update/", null], ["common/", null], ["update/", null], ["icon.ico", null], ["icon.icns", null], ["project.json", null], ["log.txt", null], ["errors.txt", null], ["traceback.txt", null], ["image_cache.txt", null], ["text_overflow.txt", null], ["dialogue.txt", null], ["dialogue.tab", null], ["profile_screen.txt", null], ["tmp/", null], ["game/saves/", null], ["archived/", null], ["launcherinfo.py", null], ["android.txt", null], [".android.json", ["android"]], ["android-icon.png", ["android"]], ["android-presplash.*", ["android"]], ["android-*-icon.png", ["android"]], ["android-*-presplash.*", ["android"]], ["ouya_icon.png", ["android"]], ["ios-presplash.*", ["ios"]], ["**~", null], ["**.bak", null], ["**/.**", null], ["**/#**", null], ["**/thumbs.db", null], [".*", null], ["**", ["all"]]], "version": "SWW-Demo-1.0", "archives": [["archive", ["all"]]], "xbit_patterns": ["**.sh", "**/*.so.*", "**/*.so", "**/*.dylib", "**.app/Contents/MacOS/*", "lib/**/python", "lib/**/pythonw", "lib/**/zsync", "lib/**/zsyncmake"], "exclude_empty_directories": true, "renpy_patterns": [["**~", null], ["**/#*", null], ["**/.*", null], ["**.old", null], ["**.new", null], ["**.rpa", null], ["**/*.pyc", null], ["renpy.py", ["renpy"]], ["renpy/", ["all"]], ["renpy/common/", ["all"]], ["renpy/common/_compat/**", ["renpy"]], ["renpy/common/**.rpy", ["renpy"]], ["renpy/common/**.rpym", ["renpy"]], ["renpy/common/_compat/**", ["renpy"]], ["renpy/common/**", ["all"]], ["renpy/**", ["renpy"]], ["lib/*/renpy", null], ["lib/*/renpy.exe", null], ["lib/windows-i686/**", ["windows"]], ["lib/linux-x86_64/**", ["linux"]], ["lib/linux-i686/**", ["linux"]], ["lib/darwin-x86_64/**", ["mac"]], ["/lib/**", ["windows", "linux", "mac"]], ["renpy.sh", ["linux", "mac"]]], "packages": [{"dlc": false, "hidden": false, "description": "All Desktop Platforms", "formats": ["zip"], "file_lists": ["windows", "mac", "linux", "renpy", "all"], "update": true, "name": "all"}, {"dlc": false, "hidden": false, "description": "Linux x86/x86_64", "formats": ["tar.bz2"], "file_lists": ["linux", "renpy", "all"], "update": true, "name": "linux"}, {"dlc": false, "hidden": false, "description": "Macintosh x86", "formats": ["app-zip"], "file_lists": ["mac", "renpy", "all"], "update": true, "name": "mac"}, {"dlc": false, "hidden": false, "description": "Windows x86", "formats": ["zip"], "file_lists": ["windows", "renpy", "all"], "update": true, "name": "win"}, {"dlc": true, "hidden": true, "description": "android", "formats": ["directory"], "file_lists": ["android", "renpy", "all"], "update": false, "name": "android"}, {"dlc": true, "hidden": true, "description": "ios", "formats": ["directory"], "file_lists": ["ios", "renpy", "all"], "update": false, "name": "ios"}], "executable_name": "SWW-Demo"}, "location": {"callable": {"Shaker.__call__": ["game/script.rpy", 718], "Shaker.__init__": ["game/script.rpy", 710]}, "screen": {"load": ["game/screens.rpy", 321], "save": ["game/screens.rpy", 313], "preferences": ["game/screens.rpy", 343], "yesno_prompt": ["game/screens.rpy", 481], "choice": ["game/screens.rpy", 67], "say": ["game/screens.rpy", 13], "file_picker": ["game/screens.rpy", 254], "input": ["game/screens.rpy", 110], "main_menu": ["game/screens.rpy", 177], "nvl": ["game/screens.rpy", 126], "navigation": ["game/screens.rpy", 214], "quick_menu": ["game/screens.rpy", 529]}, "define": {"mc": ["game/script.rpy", 86], "nn": ["game/script.rpy", 104], "ai": ["game/script.rpy", 89], "hs": ["game/script.rpy", 95], "chardissolve": ["game/script.rpy", 147], "n": ["game/script.rpy", 100], "gc": ["game/script.rpy", 92], "s1a": ["game/script.rpy", 107], "s6a": ["game/script.rpy", 109]}, "transform": {}, "label": {"boarding": ["game/script.rpy", 399], "repairs": ["game/script.rpy", 322], "end_demo": ["game/script.rpy", 664], "dokidoki": ["game/script.rpy", 543], "credits": ["game/script.rpy", 670], "choice2": ["game/script.rpy", 311], "preparation": ["game/script.rpy", 274], "start": ["game/script.rpy", 156], "end_dino": ["game/script.rpy", 657], "post_repairs": ["game/script.rpy", 348]}}, "error": false}